label,big_3_affiliation,#_of_connected_artists,total_power_of_connected_artists
Columbia,Other,254,30081
Atlantic,Warner,230,26817
BMG Direct Marketing,Other,225,23866
Epic,Other,161,20655
Capitol Records,Universal,173,19989
Interscope Records,Universal,127,14946
RCA,Other,125,12692
Warner Bros. Records,Other,108,12521
EMI,Universal,128,12354
BMG,Other,114,11343
Legacy,Other,110,10718
Arista,Other,83,10323
A&M Records,Universal,79,9588
CBS,Other,83,9514
Mercury Records,Universal,85,8918
Collectables,Other,88,8642
Island,Other,70,8631
Geffen Records,Universal,78,7792
BMG Direct,Other,96,7723
Rhino,Other,84,7591
[no label],Other,90,7520
Polydor,Other,69,7464
MCA Records,Universal,71,7430
Motown,Universal,56,6930
Elektra,Other,52,6394
Def Jam Recordings,Sony,52,6360
Reprise Records,Warner,48,5684
Sony Music,Sony,61,5445
Republic Records,Universal,46,4963
Virgin,Universal,46,4163
Analogue Productions,Other,35,4001
Mobile Fidelity Sound Lab,Other,39,3938
Jive,Other,37,3930
RCA Victor,Other,46,3816
CBS/Sony,Other,36,3583
Audio Fidelity,Other,39,3566
London Records,Warner,36,3517
ATCO Records,Other,34,3361
Universal Records,Warner,36,3337
Decca Records,Universal,36,3107
Columbia House,Other,38,3017
Beat Goes On Records,Other,38,2931
Chrysalis,Other,22,2857
Flashback Records,Other,28,2655
Universal,Universal,34,2414
Parlophone,Warner,19,2213
Universal Music,Other,28,2195
Asylum Records,Warner,22,2183
Curb Records,Warner,17,2058
Sony BMG Music Entertainment,Other,25,2035
Edsel Records,Other,20,2022
J Records,Sony,19,2019
BMG Japan,Other,21,1987
Capitol Records Nashville,Universal,13,1888
Universal Republic Records,Universal,18,1868
19 Recordings,Other,18,1837
Cash Money Records,Universal,15,1816
Bad Boy Entertainment,Other,15,1787
Bad Boy Records,Sony,18,1784
Big Break Records,Other,19,1742
Warner Records,Warner,20,1737
Roadrunner Records,Warner,14,1673
Columbia Nashville,Sony,14,1654
DCC Compact Classics,Other,15,1652
Rhino Atlantic,Other,17,1598
Fontana,Other,17,1568
LaFace Records,Sony,15,1555
Sony Records International,Other,20,1543
Island Records Group,Other,16,1524
Fueled by Ramen,Warner,11,1510
United Artists,Other,15,1469
DreamWorks Records,Universal,13,1466
MCA Nashville,Universal,14,1464
Hollywood Records,Universal,15,1463
Bear Family Records,Other,16,1450
Cleopatra Records,Other,15,1445
RSO,Other,10,1426
BMG Special Products,Other,16,1418
Priority Records,Universal,13,1395
Apple Records,Other,12,1392
CD‐Maximum,Other,13,1390
Big Beat,Other,15,1361
EastWest,Other,15,1357
Lava,Other,12,1354
CEMA Special Markets,Other,14,1342
Imperial,Other,11,1318
Sire Records,Warner,16,1316
Universal Motown,Other,12,1312
Spectrum Music,Other,16,1304
Camden,Other,15,1302
Reunion Records,Sony,4,1282
EastWest Records America,Warner,11,1281
Liberty,Other,16,1280
Collectors’ Choice Music,Other,16,1278
Casablanca Records,Universal,12,1253
Columbia Records,Sony,15,1225
300 Entertainment,Warner,10,1224
Craft Recordings,Universal,18,1213
Mercury Nashville,Universal,12,1210
MGM Records,Universal,16,1208
Ariola,Other,14,1189
EMI America,Other,15,1188
ABC Records,Universal,15,1182
Nonesuch,Other,8,1140
Friday Music,Other,14,1123
Gordy,Other,7,1121
Ariola Express,Other,13,1118
Philips,Other,15,1118
Hostess Entertainment Unlimited,Other,11,1094
Sparrow Records,Other,9,1090
Aftermath Entertainment,Universal,7,1054
RCA Nashville,Other,10,1046
London American Recordings,Other,11,1044
Universal Music Group,Other,14,1040
Dunhill Records,Universal,10,1036
Real Gone Music,Other,11,1031
Jasmine Records,Other,11,1026
Rise Records,Warner,7,1025
DGC Records,Universal,9,1022
Bell Records,Sony,11,988
Arista Nashville,Sony,9,988
ABC-Paramount,Other,10,981
UMC,Other,11,963
X5 Music Group,Warner,11,928
Exile,Other,1,922
20th Century Records,Other,9,914
Warner Music Australia,Warner,8,913
Capricorn Records,Sony,7,905
Cherrytree Records,Universal,7,890
PolyGram,Other,11,886
Charisma,Other,4,869
EMPIRE,Other,11,861
BMG Rights Management,Universal,9,857
Sundazed Music,Other,8,850
Tamla,Other,5,848
Epic Associated,Other,9,834
Charly Records,Other,12,826
So So Def,Other,5,824
550 Music,Sony,6,819
Carrère,Other,9,817
Quality Control Music,Universal,11,816
No Limit Records,Other,7,807
TVT Records,Sony,5,804
Stax,Other,10,803
Buddha Records,Other,7,784
G.O.O.D. Music,Other,8,783
Festival Records,Other,9,775
Slip‐N‐Slide Records,Other,4,772
SOFA - AV Catalog PS,Other,8,771
Lost Highway,Other,3,770
AMIGA,Other,13,768
Old Gold,Other,8,766
Warner Music,Other,8,760
Music on Vinyl,Other,11,754
FP,Other,10,753
Syco Music,Other,7,751
Dot Records,Universal,6,746
Laurie Records,Universal,6,745
Maverick,Other,4,744
ARC Records,Other,8,743
Broken Bow Records,Other,4,739
CMG,Other,6,737
Island Mercury,Other,7,736
Disky,Other,8,731
Sony Music | Latin,Other,6,731
Classic Records,Other,12,731
Paisley Park,Other,6,727
Castle Communications,Other,9,727
Roulette,Other,8,726
EMI Electrola,Other,8,723
American Recordings,Sony,5,706
BR Music,Other,8,701
The Island Def Jam Music Group,Universal,9,701
Pye Records,Warner,6,695
Cooking Vinyl,Sony,6,693
Roc‐A‐Fella Records,Other,7,693
Smash Records,Universal,8,693
Fisher-Price,Other,7,692
7T’s,Other,8,691
Aware Records,Sony,5,684
EastWest Japan,Other,8,676
Black Tulip,Other,7,675
Grateful Dead Records,Other,1,663
Mosley Music Group,Universal,4,662
Caroline Records,Universal,9,660
Black Box,Other,8,659
Bellaphon,Other,10,659
I.R.S. Records,Universal,7,657
Shady Records,Universal,6,655
sixstepsrecords,Other,4,651
Uptown Records,Universal,4,647
Big Machine Records,Universal,4,643
Epic Records International,Other,8,628
Dim Mak Records,Other,6,623
SBK Records,Universal,6,621
Barclay,Other,6,617
Glassnote,Other,3,616
Essential Records,Sony,4,614
K‐tel,Other,8,609
Walt Disney Records,Universal,6,608
Top Dawg Entertainment,Universal,5,607
EMI Music Canada,Other,8,607
Taylor Swift,Other,5,600
Tommy Boy,Other,7,592
Hip‐O Select,Other,9,591
Goldenlane Records,Other,6,590
Buddah Records,Sony,6,590
Virgin EMI Records,Universal,6,589
Death Row Records,Other,6,586
Music on CD,Other,7,584
Kemosabe,Other,5,583
Tamla Motown,Other,8,575
LaserLight Digital,Other,6,570
Sony Records,Other,7,569
Warner Music Nashville,Warner,5,566
Hallmark Records,Other,8,565
Monument,Other,7,564
Duchesse,Other,6,561
Altaya,Other,7,561
Polo Grounds Music,Sony,5,559
Cactus Jack,Other,4,556
Bella Union,Other,4,553
Beggars Japan,Other,5,552
Star Trak,Other,4,551
Sony Music Special Products,Other,9,551
Cherry Red Records,Other,7,549
Epitaph,Other,7,549
Universal Island Records,Other,7,547
Grand Hustle,Other,4,539
Universal Music Latino,Universal,5,538
BNA Records Label,Other,4,538
Full Moon Records,Other,3,535
Anti‐,Other,4,530
Ace,Other,7,528
UMe,Other,6,527
Rush Associated Labels,Other,5,526
Domino,Other,4,526
Virgin Records America,Other,7,513
INO Records,Other,1,508
Casablanca Record and FilmWorks,Other,5,507
Immortal Records,Sony,4,503
KSR Group,Other,4,500
Matador,Other,4,498
Razor & Tie,Universal,4,498
G Unit,Other,5,494
Big Tree Records,Warner,6,490
Reach Records,Sony,2,490
Fantasy,Other,7,489
Dunhill ABC,Other,5,482
CBS Special Products,Other,7,478
Volt,Other,3,478
Axis,Other,4,478
Decaydance,Other,5,477
Paper Route Empire,Other,2,476
Kapp Records,Universal,4,473
Sequel Records,Other,5,469
Beluga Heights,Warner,3,468
Sony Music Japan International Inc.,Other,5,466
XL Recordings,Other,6,466
Universal Music Group International,Other,5,462
Def Jam Music Group,Other,5,460
Discos CBS,Other,5,459
Disturbing tha Peace,Other,3,459
Zounds,Other,5,459
ABKCO,Other,5,457
Hopeless Records,Other,4,457
wea,Other,7,456
Parkway,Other,4,453
Almighty Records,Other,5,452
Chess,Other,4,452
10K Projects,Warner,5,451
RPM,Other,5,450
EMI Records USA,Other,5,449
Fiction,Other,4,448
12Tone Music,Other,3,448
Philadelphia International Records,Sony,5,447
Street Records Corporation,Other,4,447
Big Loud Records,Other,2,444
Blue Note,Other,5,444
Music Club Deluxe,Other,5,442
ATO Records,Other,3,441
Vee-Jay Records,Other,4,440
Blackened,Other,2,440
DEP International,Other,1,438
A&M/Octone Records,Other,3,436
Disques Vogue,Other,5,435
Sony Music CG,Other,4,435
Sub Pop Records,Warner,6,433
Esoteric Recordings,Other,4,432
Victor,Other,4,432
Lyric Street Records,Other,2,431
eOne,Other,4,431
Repertoire Records,Other,5,429
Blackground Records,Universal,5,429
Please.,Other,6,424
Vinyl Me,Other,6,424
Astralwerks,Universal,5,422
Wind‐up,Other,3,421
Chronicles,Other,11,416
Castle Select,Other,5,413
Def Soul,Other,4,412
Fearless Records,Other,3,412
KOCH Records,Other,6,409
Virgin America,Other,3,408
A1 Recordings,Other,1,407
No̅o̅ Trybe,Other,4,405
Verve,Other,8,404
Manhattan,Other,3,403
Bang Records,Other,5,402
AOI Records,Other,1,402
BIGHIT MUSIC,Other,5,398
Warner Music Japan,Warner,4,397
Fo’ Reel Entertainment,Other,4,396
E1 Entertainment,Other,4,395
BMG Brasil Ltda.,Other,4,394
SME Records,Sony,6,394
Cadence Records,Other,4,391
Universal South,Other,3,389
Fourth and Broadway Records,Other,4,389
Era Records,Other,4,388
Alfa,Other,4,388
Private Stock,Other,4,388
Planet,Other,2,386
Aziя Records,Other,4,385
CBS Associated Records,Other,4,385
OVO Sound,Sony,4,384
Sony Music Entertainment,Other,7,383
FFRR,Other,5,381
4AD,Other,3,380
Kama Sutra,Other,5,378
Vertigo,Other,8,376
Philles Records,Sony,3,374
Sony BMG Music Entertainment Custom Marketing Group,Other,4,374
IDJ,Other,4,372
Liberation Records,Other,3,372
Howling Bull Records,Other,2,370
Prosthetic Records,Other,2,369
River House Artists,Other,1,362
Castle Classics,Other,5,362
Cooperative Music,Other,4,361
Opium,Universal,2,360
Boominati Worldwide,Other,3,360
Caroline International,Other,4,359
Solid State Records,Other,2,358
Dimension,Other,3,357
Grateful Dead Productions,Other,1,357
Private Music,Sony,1,355
Hip‐O Records,Other,6,355
Spunk!,Other,2,353
Loud Records,Sony,2,353
Chinese Dragon Music,Other,2,351
Ruffhouse Records,Sony,3,350
MCA Special Products,Other,5,349
BCM Records,Other,4,349
BMG Heritage,Sony,7,348
The Valory Music Co.,Other,4,345
Camden Deluxe,Other,7,345
WEA Records,Other,5,342
Aquarius Records,Other,2,342
BMG Direct Canada,Other,4,341
Castle Records,Warner,1,340
Nettwerk,Warner,3,340
EMI USA,Universal,4,339
Rostrum Records,Other,3,337
Rap-A-Lot Records,Other,2,336
Mute,Other,1,335
Vocalion,Other,5,334
BigHit Entertainment,Other,3,334
DreamWorks Nashville Records,Other,3,333
Coed,Other,3,332
Bludgeon Riffola,Other,1,331
Bong Load Records,Other,1,331
Remote Control,Other,5,331
Big Life,Other,2,330
Atlantic Records UK,Warner,4,329
Roc Nation,Universal,3,328
Duars Entertainment,Other,1,327
604 Records,Sony,2,327
SideOneDummy Records,Other,2,325
Freebandz Entertainment,Other,2,324
Sue Records,Other,2,322
Phonogram,Other,4,322
LVRN,Other,2,321
American Gramaphone,Other,2,320
Concord Records,Other,5,317
Metal Blade Records,Other,2,317
Inpop Records,Other,2,317
UNI Records,Other,4,312
Culture Factory,Other,2,312
Dress Up,Other,1,311
Cube Records,Other,1,309
Cherry Pop,Other,3,309
WEA International,Other,4,304
BMG UK & Ireland,Other,5,303
Rough Trade,Other,6,301
Flip Records,Other,3,301
Country Stars,Other,3,300
KSR,Other,3,300
Cooltempo,Other,3,299
Gallo,Other,3,299
Siren Records,Universal,3,299
Rock Candy,Other,6,298
School Boy Records,Other,3,298
Art Optimum,Other,3,298
HumpHead,Other,3,296
Quality,Other,3,296
Hickory Records,Sony,3,295
A Play Collection,Other,3,295
ChopNotSlop Ent.,Other,3,295
Scepter,Other,3,295
Aerosmith P&D – Sony,Other,1,295
EMI‐Capitol Music Special Markets,Other,3,294
Chocolate City Records,Other,1,294
PolyGram Records,Universal,4,294
JEMP Records,Other,1,294
Live Line,Other,3,294
Capitol Records UK,Universal,2,294
High Note Records,Other,3,294
Sony Music Soundtrax,Other,3,293
Epic Street,Other,3,293
Beggars Banquet,Other,3,293
2000 FruitGum,Other,6,292
Jugoton,Other,3,292
Magic Records,Universal,3,292
Colpix,Other,3,291
Edel Records,Other,3,291
Visionary Music Group,Other,2,291
Alegra,Other,2,291
Ode Records,Sony,2,290
Disruptor Records,Sony,3,290
Tha Lights Global,Other,3,290
Full Surface Records,Warner,2,290
Zone 4,Universal,2,290
All Around the World,Other,3,290
Solar,Other,4,290
Spinnin’ Records,Other,3,289
ARS Productions,Other,3,288
T-Neck,Other,2,288
Mercury Music Group,Other,2,287
Acadia,Other,3,287
Daily Mail,Other,3,287
Dine Alone Records,Other,3,287
Warner Music Benelux,Warner,3,287
Top Dog Records,Other,2,287
COOLPRICE,Other,2,287
Marginal Records,Other,3,287
EMI Manhattan,Other,3,286
KIDinaKORNER,Universal,3,286
Delta,Other,3,285
Undeas Recording,Other,3,285
Red Bird,Other,3,285
Bertelsmann Club,Other,3,284
Cabin 24 Records,Other,1,283
Metromedia Records,Other,2,283
T.K. Records,Other,3,283
A$AP Worldwide,Other,2,283
De‐Lite Records,Other,1,283
Hallmark Music & Entertainment,Other,3,282
Karussell,Other,3,281
Relentless Records,Sony,2,281
Rimas,Other,3,280
Mom+Pop,Other,3,280
URBAN,Other,2,280
PMR Records,Universal,2,280
Victor Victor,Other,3,279
BBC,Other,2,278
EMI Catalogue,Other,4,278
Zomba,Other,3,278
Downtown,Other,2,278
Essential! Records,Other,3,277
Charisma Records Ltd.,Other,2,277
Clean Slate,Other,2,277
ByStorm Entertainment,Sony,3,277
KICK ROCK INVASION,Other,2,277
TSNMI,Other,1,276
Blackground Enterprises,Other,2,276
AWAL Recordings,Other,2,275
T.U.G. Entertainment,Other,2,275
VP Records,Universal,3,274
V2,Other,3,274
MapleMusic Recordings,Other,3,274
RAK,Other,4,274
Puff Daddy Records,Other,3,274
Pye International,Other,3,273
10 Records,Universal,2,273
The Orchard,Sony,3,273
Verve Music Group,Universal,2,272
BMG Rights Management (US) LLC,Other,3,272
Giant,Other,3,270
Maybach Music Group,Other,2,270
Soul City,Other,2,269
20th Century-Fox Records,Other,2,269
BMG Australia,Other,3,269
American Pie,Other,3,268
Hickman Holler Records,Other,1,268
Attic,Other,3,267
Provogue,Other,1,266
J&R Adventures,Other,1,266
Cameo,Other,3,266
Def Jam South,Other,1,266
Island Def Jam,Universal,4,266
Warner Music Canada,Warner,2,265
Qwest Records,Other,3,265
Polydor Associated Labels,Other,3,264
Generation Now,Other,2,263
Sony Classical,Sony,2,263
Phono Music Zounds,Other,3,262
Southeastern Records,Other,2,262
BMG Records Africa,Other,3,262
Rancho Humilde,Other,1,262
Mad Decent,Other,2,262
Eardrummers Entertainment,Other,1,261
Ultra Records,Sony,5,261
Island Black Music,Other,2,261
Bong Load Custom Records,Other,1,261
Goldisc,Other,3,260
EMI Music Japan Inc.,Other,1,260
Everlasting Records,Other,2,260
Warner Music Denmark,Warner,3,259
Merge Records,Warner,3,259
Almo Sounds,Universal,1,257
88rising,Other,1,256
Warner,Warner,3,255
Sony Urban Music,Other,2,254
Demon Records,Other,2,253
BMG Canada,Other,3,253
Born & Bred Records,Warner,1,252
Victory Records,Other,4,252
Octone Records,Universal,2,251
One Way Records,Other,4,250
Castle Pie,Other,3,249
The Darkroom,Other,1,247
Verity Records,Sony,2,247
Anthem Records,Other,1,247
Standby Records,Other,1,243
Centricity Music,Other,1,243
Stomp,Other,2,241
Eleven Seven Music,Other,3,240
Camel Records Inc.,Other,1,240
Monkey Puzzle Records,Other,1,239
Vanguard,Other,3,238
Asylum Records UK,Warner,2,238
Warner Archives,Other,4,238
Hi Records,Other,1,238
東芝EMI 株式会社,Other,2,238
Bud Music,Other,2,237
Back on Black,Other,3,237
Relativity Records,Other,4,237
AGAT Company Ltd.,Other,3,234
Machine Entertainment Group,Other,1,234
NPG Records,Other,3,234
Epic Legacy Records,Other,3,233
Phonogenic,Other,2,233
EMI Music France,Other,4,233
C2Records,Other,3,233
Festival Mushroom Records,Warner,4,232
Vapor Records,Other,1,230
Vertigo Berlin,Other,4,230
ARS Entertainment,Universal,3,230
RED Ink,Other,3,228
Capitol CMG Label Group,Other,1,228
Good Buddy,Other,1,227
AJR Productions,Other,1,227
Epic Nashville,Other,1,225
DAS Label,Other,2,225
Brunswick,Other,3,225
Deram,Other,3,221
Cotillion,Other,3,220
Falcon Neue Medien,Other,5,219
Captured Tracks,Other,1,219
Chrome Dreams,Other,4,219
Universal Music France,Universal,3,218
Chrysalis Music Group USA,Other,3,217
P‐VINE RECORDS,Other,6,216
Black Butter Records,Sony,1,215
Harvest,Other,4,213
The Bicycle Music Company,Other,3,211
Universal Music Recordings,Universal,3,211
AFRTS,Other,4,211
House of Humbug,Other,3,210
Albert Productions,Sony,2,210
Funky Town Grooves,Other,4,209
Divine Mill,Other,2,209
RECORDS,Other,2,209
ANGRY DINO,Other,3,208
Beat Records,Other,6,208
Metronome,Other,3,207
Hand Me Down,Other,1,207
Virgin Music Canada,Other,3,207
EMI Electrola GmbH,Other,3,207
Island Masters,Other,5,206
EMI United Kingdom,Other,3,206
Black Ice Records,Other,2,205
Nonesuch Digital,Other,1,204
Young Money,Other,3,203
Regular Records,Other,1,203
Wounded Bird Records,Other,4,201
Show Dog–Universal Music,Other,1,201
TP4 Music,Other,2,200
L.T. Series,Other,2,200
Red Ant Entertainment,Other,2,200
Jay Boy,Other,2,200
Grapefruit Productions,Other,2,200
Music Options,Other,2,200
Columbia Pictures,Other,2,200
Sunnyview Records,Other,2,200
Integrity Music,Other,4,200
Hansa,Other,2,200
Ariola Records America,Other,2,200
Radio Archives,Other,2,200
Eardrum Records,Warner,2,200
Warner Dance Labels,Other,2,200
Sony Music Commercial Music Group,Other,1,200
Grunt,Other,2,200
BMG Colombia,Other,2,200
Colgems,Other,1,200
Rebel Rock,Other,2,199
Bad Vibes Forever,Other,1,199
Graveyard Child Escape,Other,2,199
Treasury Collection,Other,2,199
BMG Rights Management GmbH,Other,2,199
Beltone Records,Other,2,198
JYP Entertainment,Universal,2,198
Castle Pulse,Other,2,198
Gruppo editoriale l’Espresso,Other,2,198
Valiant Records,Other,2,198
Gentlemen of the Road,Other,2,198
Canadian-American Records,Other,2,198
Half Moon,Other,2,198
B 13,Other,3,198
Herb Alpert Presents,Other,2,198
EMI Records Nashville,Universal,2,198
CTE World,Warner,2,198
Cub Records,Other,2,198
Coconut,Other,2,198
Dew Process,Universal,2,198
Gallo Record Company,Other,2,198
Arista Records,Sony,2,197
The Hit Label,Other,1,197
Backstreet Records,Universal,2,197
Love Da Records,Other,2,197
Poe Boy,Other,1,197
Life Time,Other,2,197
BMG International,Other,2,197
Poe Boy Entertainment,Other,1,197
BMLG Records,Other,2,196
Collectables Records Corp.,Other,2,196
Experience Hendrix,Other,2,196
NBC,Other,2,196
Acta,Other,2,196
C5 Records,Other,1,196
Indigo Records,Other,2,196
BRIT Awards Limited,Other,2,196
Sony,Sony,2,196
AM:PM,Other,2,196
South Coast Music Group,Other,2,196
Dik Hayd Records,Other,2,195
Digimode Entertainment Ltd.,Other,2,195
Goliath Artists,Other,2,195
Embassy,Other,2,195
Ruff Ryders,Other,2,195
Interscope PS,Other,2,195
Equal Vision Records,Other,4,195
Liberator Music,Other,2,195
Jerden,Other,2,195
Chancellor,Other,2,194
Crave,Other,2,194
Bad Batch Records,Other,2,194
Gasoline Alley,Other,1,194
Shelter Records,Universal,3,194
Riotville Records,Other,2,194
LaserLight,Other,2,194
Es Paranza,Other,2,194
Keia Records,Other,1,194
Desert Storm Records,Universal,1,194
EMI MusicResources,Other,2,194
Rounder,Other,2,194
ARK 21,Other,2,194
Fury Records,Other,2,194
Carlton,Other,2,194
Third Man Records,Other,2,194
Digital Distribution Trinidad and Tobago,Other,2,194
Fraternity,Other,2,194
Purple Pyramid,Other,2,194
Disky Communications B.V.,Other,2,194
Eric Records,Other,2,194
Bigtop,Other,2,194
Sony Music Direct (Japan) Inc.,Other,2,194
Thirty Knots,Other,2,194
Phil L.A. of Soul,Other,2,193
BMG Africa,Other,2,193
Enterprise Records,Other,1,193
Rare Earth,Other,2,193
Blanco y Negro Records,Other,2,193
Seville Records,Other,2,193
Just Music,Other,2,193
Island Music,Other,2,193
Warner Bros. Nashville,Other,2,193
RPM Records,Other,1,193
Argo,Other,2,193
Acrobat Music,Other,2,193
Rolling Stones Records,Universal,2,193
Request Records,Other,2,193
BASF,Other,2,193
Konvict Kulture,Universal,1,192
Hideout Records & Distributors,Other,2,192
will.i.am Music Group,Sony,2,192
Globe,Other,2,192
Old Town Records,Other,2,192
Enigma,Other,2,192
Humphead Records,Other,2,192
UMGRI Interscope,Other,2,192
Relic Records,Other,2,192
South Bay,Other,2,192
On the Low Records,Other,2,192
Fernwood,Other,2,192
Promo Records,Other,2,192
Sum Records,Other,2,192
Music for Pleasure,Other,2,192
Josie Records,Other,2,192
Good Time Records,Other,2,192
Gusto Records,Other,2,192
August Day,Other,2,192
Track Record,Other,2,191
Success,Other,2,191
Soul,Other,2,191
Fuel 2000 Records,Other,2,191
Del-Fi Records,Warner,2,191
Big Gates Records,Other,2,191
Siren,Other,2,191
Barsuk Records,Warner,2,191
Data Records,Other,2,191
CMV Enterprises,Other,2,191
Dolton,Other,2,191
Sussex,Other,2,191
Friends Keep Secrets,Universal,1,191
I.G. Records,Other,2,190
Hillsong,Other,1,190
Ministry of Sound,Sony,2,190
RCA Music Service,Other,2,190
Warner Music UK,Warner,2,190
Big Time Phonograph Recording Co.,Other,1,190
Big Brother,Other,1,190
Classic Popular,Other,1,190
Elemental Music,Other,2,190
Rhino Special Editions,Other,2,190
Eldo Records,Other,2,190
Universal Music Canada,Universal,2,190
Creation Records,Other,1,190
On Stage,Other,4,190
Grade A Productions,Other,2,190
Virgin Music,Universal,2,190
XIX Recordings,Other,1,190
143 Records,Warner,2,189
Regal,Other,2,189
10 Summers Records,Other,2,189
Gala Records,Other,2,189
Autumn Records,Other,2,189
Or Music,Other,2,189
Big Time Records,Other,1,189
Real Talk Entertainment,Other,2,189
Republic Nashville,Other,2,189
AZ,Other,2,189
Direct Source Special Products Inc.,Other,2,189
Bama Rags,Other,2,189
My Block Records,Other,2,188
Mega Records,Other,2,188
Noo Trybe Records,Other,2,188
Atlantic Nashville,Other,1,188
EMI-Capitol Special Markets,Other,2,188
Cargo Records,Other,2,188
Sony Music Media,Other,2,188
Metal Blade Records Japan,Other,2,188
MJJ Music,Sony,2,188
Mavin Records,Other,2,188
Photo Finish Records,Warner,1,188
Record Company TEN,Other,2,188
OutBurst Records,Other,2,188
Edge,Other,2,188
MBK Entertainment,Other,1,188
Donna,Other,2,188
Happinet,Other,2,187
Get On Down,Other,2,187
Amy Grant Productions,Other,1,187
Fly Eye,Other,2,187
Now Sounds,Other,2,187
AWGE,Universal,1,187
Stiff Records,Other,2,187
Portrait,Other,2,187
Crimson,Other,2,187
Musicor Records,Other,1,187
Street Mob Records,Other,1,186
Varèse Sarabande,Universal,2,186
1017 Brick Squad Records,Other,2,186
Del Imaginario Discos,Other,1,186
Bella Musica,Other,1,186
PolyGram Special Markets,Other,1,186
Atlanta Artists,Universal,1,186
Schranz,Other,2,186
Capitol Special Markets,Other,2,186
Def Squad,Other,1,186
Todo Mundo,Other,2,186
Armando Curcio Editore,Other,2,185
Round Hill Records,Other,2,185
Amazon Content Services,Other,2,185
BME Recordings,Warner,1,185
BMG Eurodisc,Other,2,185
Digital Opium,Other,1,185
Page One,Other,1,185
CNR Music,Other,2,184
Mushroom Records,Other,2,184
Deconstruction,Other,2,184
Mosley Music,Other,1,184
Prism Leisure,Other,3,184
MainMan,Other,1,184
Ferret Music,Warner,2,184
Eagle Rock Entertainment,Universal,2,183
Bread Winners’ Association,Other,1,183
Fat Possum Records,Other,3,183
Alligator,Other,2,182
Retro Music,Other,2,182
Artemis Records,Other,2,182
DTS Entertainment,Other,3,182
Goodbye Records,Other,1,182
ABC Command Quadraphonic,Other,2,182
Capitol Records (International),Other,2,182
14th Floor Records,Warner,2,182
Bearsville Records,Warner,2,182
Warner Music Latina,Other,1,181
Mercer Street Records,Other,1,181
Suretone Records,Universal,2,181
XO,Other,1,181
BMG Entertainment,Sony,3,181
Neutron Records,Other,1,180
Follow That Dream Records,Other,1,180
Casablanca,Other,2,180
BBE,Other,1,180
Immortal,Other,2,180
Verve Forecast,Other,3,179
Chaos Recordings,Sony,2,179
SRC Records,Universal,2,179
Arts & Crafts,Other,1,179
Aptly Named Recordings,Other,1,177
BridgeTone Records,Other,1,177
Twilight Records,Other,2,177
Elap Music,Other,2,177
Intervention Records,Other,4,177
Archives Records & Tapes,Other,1,177
JMJ Records,Other,1,176
Classics France,Other,1,176
Subterrane Records,Other,1,176
Drive,Other,1,176
Suave House,Other,2,176
Polar,Other,2,176
Epic Records,Sony,4,176
SoulMusic Records,Other,3,176
Average Joe's Ent.,Other,1,175
Century Media,Other,1,175
Orange Leisure,Other,2,174
4 Men With Beards,Other,2,174
Bronze,Other,2,174
Elektra Nashville,Other,1,173
Mystic Entertainment Group,Other,2,173
Dimelo Vi,Other,1,173
Dirty Hit,Other,1,173
Steed Records,Other,1,172
Sony Music UK,Sony,1,172
Traffic Inc.,Other,2,172
Columbia Nashville Legacy,Other,2,172
EMI Latin,Other,1,172
Volcano Records,Other,2,171
Capitol Music,Other,1,171
EMI Music Catalogue Marketing,Other,1,171
Never Broke Again,Other,1,171
Pickwick,Other,2,171
Artone,Other,2,171
Amaru Entertainment,Other,3,169
Gasolina Recording Co.,Other,1,167
Rawkus Entertainment LLC,Other,1,167
CTI,Other,3,167
Hoodoo Records,Other,3,167
Rawkus Records,Other,1,167
Craft Recordings Latino,Other,1,167
El Cartel Records,Universal,1,167
Sony 550 Music,Other,2,166
Oldays Records,Other,2,166
RevOla Records,Other,2,166
20th Century Fox TV Records,Other,2,166
MySpace Records,Other,1,165
Word,Other,2,164
EMI Gold,Universal,2,164
!K7,Other,3,164
Black River Entertainment,Sony,1,164
Elektra Traditions,Other,2,163
DJ:,Other,2,163
ADTR Records,Other,1,163
Profile,Other,1,163
Tsunami Mob,Other,1,163
Royal Mountain Records,Other,1,163
Yab Yum Records,Other,1,162
EMI Music Special Markets,Other,3,161
EMI France,Other,3,160
Biv Ten Records,Other,1,160
Golden Child Recordings,Other,1,160
CoJo Music,Other,1,158
Geffen Goldline,Other,2,158
222 Records,Universal,2,157
Ninja Tune,Other,1,157
Counter Records,Other,1,157
Star Song,Other,1,156
Murder Inc Records,Other,2,156
Strainge Entertainment,Other,2,156
Essential Media Group,Other,2,156
ARC Music,Other,2,155
Comedy Central Records,Warner,2,154
Hear Music,Other,2,154
Motown Music,Other,1,154
Armoury Records,Universal,2,154
Epitaph Europe,Other,3,153
Pair Records,Other,2,153
Real Hasta la Muerte,Other,1,152
Date,Other,1,151
Rebound Records,Other,2,150
Spinefarm Records,Universal,3,150
Scumgang Records,Other,1,150
B1 Recordings,Other,1,150
Wing,Other,1,150
BKC,Other,2,150
Top Rank International,Other,2,149
City Slang,Other,2,148
Gamble,Other,1,148
Selected Sound Carrier,Other,2,148
Keen,Other,1,148
Unidisc,Other,4,148
Music World Music,Other,2,147
G*59 Records,Other,1,147
Frenchkiss Records,Sony,1,147
DFA Records,Other,1,146
Direct-to-Disk Labs,Other,2,145
Fair Trade Services,Sony,1,145
Bianco,Other,2,145
Only the Family Entertainment,Other,1,144
Question Everything,Other,1,144
Inside Out Music,Sony,2,144
Because Music,Universal,1,144
Artist Partner,Other,2,143
Banana,Other,3,142
Sing It Loud,Other,1,142
WY Records,Universal,2,142
Def American Recordings,Other,2,141
Lizard King Records,Other,1,141
Epic/Sony,Other,2,141
Buena Vista Records,Other,2,140
Sound Stage 7,Other,1,140
Diamond Records,Other,2,139
Run the Jewels,Other,1,139
Tooth & Nail Records,Other,2,138
S‐Curve Records,Other,2,138
Anglo Atlantic,Other,2,138
Club,Other,1,138
Intercord,Other,1,138
Amaru Records,Other,1,137
Virgin Catalogue,Other,2,136
4PF,Other,1,136
Hidden Beach Recordings,Sony,2,135
Victor Entertainment,Other,1,135
Canyon International,Other,2,135
Peerless,Other,2,135
Beach Street Records,Sony,1,134
Anjunabeats,Other,1,134
FADER Label,Other,1,134
Jet Records,Sony,2,134
The Right Stuff,Other,3,134
DTox,Other,1,133
Real Records,Other,1,132
Universal International,Universal,2,132
Gotee Records,Other,1,131
Kudu,Other,1,131
Zomba Label Group,Other,2,131
Air Mail Archive,Other,2,131
Deadline Music,Other,2,131
MoJazz,Other,1,130
Central Station,Other,2,130
Bondage Music,Other,1,130
Big Label Records,Other,1,129
LLC.,Other,1,129
Spring Records,Other,1,129
KRB Music Companies,Other,2,128
Highbridge the Label,Other,1,128
Euro Sound,Other,2,128
Bethel Music,Other,1,128
Capitol Christian Music Group,Universal,2,128
Kirshner,Other,1,127
Equity Music Group,Other,1,127
EI Productions LLC,Other,1,126
Labels,Other,2,126
N‐Less Entertainment,Other,2,126
Double Six Records,Other,1,125
Creative Sounds Ltd.,Other,1,124
ForeFront Records,Other,2,123
Morello Records,Other,1,123
101 Distribution,Other,2,123
Eagle Records,Universal,2,122
The Rocket Record Company,Other,2,122
Amherst Records,Other,1,122
Megaforce Worldwide,Other,1,122
Heads Up International,Other,1,121
Modular Recordings,Other,3,119
Night Street Records,Other,1,119
Alamo Records,Sony,2,119
Megaforce Records,Sony,1,119
Broadside Records,Other,1,118
Cleveland International Records,Other,1,118
Go! Discs,Other,1,116
Dangerbird Records,Other,1,115
GUN Records,Sony,2,114
Mass Appeal,Other,2,114
DALE PLAY Records,Other,1,114
Wooden Nickel,Other,1,114
WEA Latina,Other,1,113
Brookvale Records,Other,4,113
S.A.,Other,3,112
OBE,Other,1,112
ST2 Records,Other,1,112
Spitfire Records,Other,1,112
Rhymesayers Entertainment,Warner,1,111
Blue Sky,Other,1,111
Machete Music,Universal,3,110
Scotti Bros. Records,Other,2,110
Disney,Other,2,109
Sanctuary Records,Warner,3,109
Mailboat Records,Other,3,109
Dolly Records,Other,1,109
Sun,Other,2,108
Blue Thumb Records,Universal,3,107
Beggars Group,Warner,2,106
Shock,Other,3,105
Violator,Other,2,104
VICE Records,Other,2,104
Trill Entertainment,Other,2,102
Go! Beat,Other,1,102
DEL Records,Other,2,101
Bluebird,Other,2,101
Varèse Vintage Records,Other,2,101
3 Amigos,Other,1,100
CrusaderBeach,Other,1,100
AFM Records,Other,1,100
Columbia House Canada,Other,1,100
213 Records,Other,1,100
El Dorado,Other,1,100
Dünya Plak,Other,1,100
Boxstar Records,Other,1,100
Roadshow Music,Other,1,100
Juno Music,Other,1,100
Beatles Catalog Mkt (C91),Other,1,100
Brave Mood Records,Other,1,100
JDJ Entertainment,Other,1,100
Bon Jovi Profit Split,Other,1,100
BMG Argentina,Other,1,100
Aegean,Other,1,100
RGF Productions,Other,1,100
L‐M Records,Other,1,100
Sollos,Other,1,100
Mumble Etc.,Other,1,100
Olivia Rodrigo PS,Other,1,100
Universal Victor,Other,1,100
Nice Life,Other,1,100
Wolf+Rothstein,Other,1,100
CRANKDAT MUSIC,Other,1,100
Music World Entertainment,Other,1,100
Syco Entertainment,Other,1,100
LOUDVERSE,Other,1,100
Dee Money Entertainment,Other,1,100
Custard,Other,1,100
Hi or Hey Records,Universal,1,100
5020 Records,Other,1,100
Sony Music Entertainment UK Limited,Other,1,100
Latium Records,Other,1,100
Warner Music France,Warner,1,100
will.i.am,Other,1,100
Jeffree’s,Other,1,100
Samples ’n’ Seconds Records,Other,1,100
Musical Freedom,Other,1,100
AJM Records,Other,1,100
Harmony,Other,1,100
Parole Records,Other,1,100
RCRD LBL,Other,1,100
KonLive Distribution,Other,1,100
PICT,Other,1,100
BYU Records,Other,1,100
American Dogwood,Other,1,100
Pendulum Records,Other,1,100
Big Yard Music Group Ltd.,Other,1,100
1080p,Other,1,100
Blackground Entertainment,Other,2,100
Magnasound,Other,1,100
Overbrook,Other,1,100
Handprint Entertainment,Other,1,100
C2 Records (UK),Other,1,100
Ca$h Machine Records,Other,1,100
Blood Money Entertainment,Other,1,100
Continental,Other,1,100
323 Entertainment,Other,1,100
Empress Valley Supreme Disc,Other,1,100
Melisma,Other,1,100
Big Yard Music Group,Other,1,100
Capitol Music Group,Universal,1,100
Atlantic Records,Warner,1,100
BBC Radio Classics,Other,1,100
Hedonist Records,Other,1,100
Emerald City Records,Other,1,100
Daemon Records,Other,1,100
Just-Us,Other,1,100
Benson Records,Sony,1,100
Diadem Music Group,Other,1,100
BMG Crescendo,Other,1,100
Pepsi,Other,1,100
Delabel,Warner,1,100
BEATFILE,Other,1,100
Andrew Records,Other,1,100
Shout! Factory,Sony,1,100
Gold Dust,Other,1,100
Cult Legends,Other,1,100
Ascot Records,Other,1,100
music is fun,Other,1,100
Star Mark,Other,1,100
The Label Group,Other,1,100
Deko Entertainment,Other,1,100
King Jay Records,Other,1,100
Picture Boy France,Other,1,100
BRS,Other,1,100
Polymedia Catalogue Marketing,Other,1,100
Modest!,Other,1,100
Warner–Pioneer Corporation,Other,1,100
ZAC Records,Other,1,100
Brownbeats Records,Other,1,100
Bus Stop,Other,1,100
EMI Music Sweden AB,Other,1,100
Breakout,Other,1,100
601 Music,Other,1,100
Echo Beach,Other,1,100
Baroque Back Catalogue,Other,1,100
Oldies.com,Other,1,100
East-West Records,Other,1,100
Brilliant! Records,Other,1,100
Infinity Records,Universal,1,100
Back Biter,Other,1,100
JB Production CH,Other,1,100
Immediate,Other,1,100
Excellent,Other,1,100
Tug Records,Other,1,100
Rockin’ R Records,Other,1,100
CANYON,Other,1,100
Space Space Records,Other,1,100
GME Records,Other,1,100
Eerie Art Records,Other,1,100
Fab Productions,Other,1,100
Elap Music Ltd.,Other,1,100
Digimonde,Other,1,100
Parlophone Sweden,Other,1,100
Parlophone Music Sweden AB,Other,1,100
His Master’s Voice,Other,1,100
A+,Other,1,100
Oxford Records,Other,1,100
Rock Me Tender,Other,1,100
Bacci Bros Records,Other,1,100
Acheron,Other,1,100
Rocky Road Records,Other,1,100
Carnaby,Other,1,100
Convoy,Other,1,100
Radialchoice,Other,1,100
Stardust,Other,1,100
The Media Champ,Other,1,100
Calendar,Other,1,100
Point Productions,Other,1,100
Pazzazz,Other,1,100
BMG Music Canada Inc.,Other,1,100
Atoll Music,Other,1,100
Bobcat Records,Sony,1,100
ChanneL Records,Other,1,100
Discos Cada,Other,1,100
Anxious Records,Other,1,100
Linus Entertainment,Other,1,100
DBK Works,Other,1,100
K-Point Gold,Other,1,100
Anthology,Other,1,100
ABC Dot,Other,1,100
Eclipse,Other,1,100
U.S.A. Records,Other,1,100
VanMeter,Other,1,100
Gee Street,Other,1,100
Hughes Leisure Group,Other,1,100
Madacy Records,Other,1,100
Midland International,Other,1,100
Dolphin,Other,1,100
Joker,Other,1,100
RCA Records,Sony,1,100
Blu Mountain Records,Other,1,100
Inertia Recordings,Other,1,100
Def Jam Recordings France,Other,1,100
Threat Records,Other,1,100
Avco,Other,1,100
Hot Classics,Other,1,100
Pickwick Records,Other,1,100
Paramount Pictures,Other,1,100
All-American,Other,1,100
First Choice,Other,1,100
Doré,Other,1,100
TSG Records,Other,1,100
Instant,Other,1,100
APT,Other,1,100
Upbeat Records,Other,1,100
Diamond,Other,1,100
2P Production,Other,1,100
R2M Music,Other,1,100
DPR-TMC,Other,1,100
Mastertech,Other,1,100
Herald,Other,1,100
Allegro Corporation,Other,1,100
HHO,Other,1,100
Lute Records,Other,1,100
Music for Pleasure Limited,Other,1,100
Inertia Music,Other,1,100
20th Century Tapes,Other,1,100
naïve,Other,1,100
Warner Strategic Marketing Australia,Other,1,100
Hammer & Lace,Other,1,100
Flashback Entertainment,Other,1,99
Lindseystomp Music,Other,1,99
Greenheart Music,Other,1,99
ICE,Other,1,99
FM Concert Broadcasts Ltd.,Other,1,99
Beserkley Records,Other,1,99
Method Records,Other,1,99
Radio Killa Records,Universal,1,99
Hussle Recordings,Other,1,99
Avex UK,Other,1,99
Jolly Roger,Other,1,99
PULSE Records,Other,1,99
ISO Supremacy,Other,1,99
Rubyworks,Other,1,99
3CG Records,Warner,1,99
Oldies 45,Other,1,99
Cicadelic Records,Other,1,99
Arte France,Other,1,99
Bravado,Universal,1,99
RCA Camden,Sony,1,99
Dynovoice Records,Other,1,99
Eastmill,Other,1,99
Amusement Records,Universal,1,99
7A Records,Other,1,99
Westwood Recordings,Other,1,99
East West France,Other,1,99
45 Tours Memories,Other,1,99
Roadshow,Other,1,99
Trocadero Records,Other,1,99
PLG,Other,1,99
SRP Records,Other,1,99
Dance Plant Records,Other,1,99
Joytime Collective,Other,1,99
Taylor Gang,Other,1,99
LibriVox,Other,1,99
Dance Street,Other,1,99
Chen Lin,Other,1,99
Combo Records,Other,1,99
Burger Records,Other,1,99
Bungalo Records,Other,1,99
New York City,Other,1,99
Sparton Records,Other,1,99
G‐Unit Records,Other,1,99
Stentor,Other,1,99
Bayview Financial Trading Group,Other,1,99
Guardian Records,Other,1,99
Hogg Life,Other,1,99
Macklemore LLC,Other,1,99
Sony Music Studios,Other,1,99
Food,Other,1,99
Neon,Other,1,99
Blonded,Other,1,99
Boss Hogg Outlawz,Other,1,99
Folk Era Records,Other,1,99
Avrupa Müzik,Other,1,99
Enjoy the Toons Records,Other,1,99
DHX Music,Other,1,99
Activar Hazlotumismx,Other,1,99
Big Star Records,Other,1,99
Green Hill,Other,1,99
Stardust Records,Other,1,99
EMI Marketing,Other,1,99
Pickwick Music,Other,1,99
Critique Records,Other,1,99
Bags of Fun,Other,1,99
Mecca Don Records,Other,1,99
Macklife,Other,1,99
Certron Corporation,Other,1,99
Country Rewind Records,Other,1,99
Planet Media,Other,1,99
Apex,Other,1,99
Buccaneer,Other,1,99
Goodfella4life Entertainment,Other,1,99
Kedar Entertainment,Other,1,99
Life Records,Other,1,99
Blackheart Records,Other,1,99
SMG Music,Universal,1,99
Club Tools,Other,1,99
Bellmark Records,Other,1,99
PolyGram Special Projects,Other,1,99
Park,Other,1,99
Corporate Thugz Entertainment,Other,1,99
Dualtone,Other,1,99
Slaughter Gang,Other,1,99
Art of Ears,Other,1,99
Wicked Awesome Records,Other,1,99
Parkwood Entertainment,Other,1,99
BMG Mexico,Other,1,99
Sony Music Labels Inc.,Other,1,99
CTE,Other,1,99
Create Music Group,Other,1,99
ETalent Management & Entertainment,Other,1,99
Redneck Records,Other,1,99
Bendo,Other,1,99
Bonton,Other,1,99
Excelsior,Other,1,99
Tuff,Other,1,99
Country Harvest Records,Other,1,99
Believe Digital GmbH,Other,1,99
Calvary Chapel Music,Other,1,99
Streamline,Other,1,99
Streamline Records,Universal,1,99
Antler-Subway,Other,1,99
Bang On!,Other,1,99
Transgressive Records,Other,1,99
Sony Music Custom Marketing Group,Other,1,99
Vendetta Records,Universal,1,99
ARS Records,Other,1,99
Adult Records,Other,1,99
YG Entertainment,Universal,1,99
UNIVERSAL J,Other,1,99
Silent Records,Other,1,99
Bluefog Recordings,Other,1,99
Cat-O-Log,Other,1,99
WOA International,Other,1,99
Blacksmith,Other,1,99
The Inc. Records,Other,1,99
Curvve Recordings,Other,1,99
Avitone Recordings,Other,1,99
Epic Music Video,Other,1,99
Jaiye Urban,Other,1,98
Emblem Records,Other,1,98
Newtown Music,Other,1,98
Repertoire,Other,1,98
Beatclub Records,Other,1,98
Universal Music New Zealand,Universal,1,98
Crewe Records,Other,1,98
Jubilee,Other,1,98
Duck Records,Other,1,98
ARM,Other,1,98
Dack Janiel's Music,Other,1,98
Phonie,Other,1,98
Eagle Music,Other,1,98
Jasnet Records,Other,1,98
Foreign Family Collective,Other,1,98
Concord Music Group,Other,1,98
Hallmark,Other,1,98
President Records,Other,1,98
Rex Orange County,Other,1,98
ARY,Other,1,98
Rhino Vinyl,Other,1,98
Atlantic 75,Other,1,98
Hip-OSelect,Other,1,98
A.F.O. Records,Other,1,98
GottDiscs,Other,1,98
Concord Bicycle Music,Other,1,98
Rhino Special Products,Other,1,98
Believe Recordings,Other,1,98
FeralCode Records,Other,1,98
KQ Entertainment,Sony,1,98
Bad Reputation,Other,1,98
Classic Pictures,Other,1,98
Signet Records,Other,1,98
Harkit Records,Other,1,98
Screenland Records,Other,1,98
ArsNova,Other,1,98
Pegasus Entertainment,Other,1,98
AMG,Other,1,98
BMG Classics,Other,1,98
Euro Trend,Other,1,98
Red Onion Records,Other,1,98
Dack Janiels Records,Other,1,98
Chattahoochee Records,Other,1,98
Black Magnetic,Other,1,98
Hustle Gang,Other,1,98
Needlejuice Records,Other,1,98
B.T. Puppy Records,Other,1,98
Lautstark,Other,1,98
BMG France,Other,1,98
Raymond Braun Media Group,Other,1,98
StreamCut,Other,1,98
Arthouse Records,Other,1,98
Slumerican,Other,1,98
Jonzing World,Other,1,98
Fish People,Other,1,98
Noble & Brite,Other,1,98
Dynamic,Other,1,98
Impact Cassettes,Other,1,98
Razor Sharp Records,Sony,1,98
God Love Family Entertainment,Other,1,98
Copenhagen Records,Universal,1,98
Then We Take the World,Other,1,98
Cultures of Soul Records,Other,1,98
Decca,Other,1,98
777 Was 666,Other,1,98
Crusader Records,Other,1,98
Beat Masters International,Other,1,98
Command Records,Other,1,98
The Restoration Project,Other,1,98
Warner Music Singapore,Warner,1,98
Pretty Swede Records,Other,1,98
Arrival Records,Other,1,98
On the Spot,Other,1,98
Big Step Management Inc.,Other,1,98
CEG,Other,1,98
Trans Continental Records,Other,1,98
Mega Collider Records,Other,1,98
Demon Music Group,Other,1,98
Statik Records,Other,1,98
NMC United,Other,1,98
Global Talent Records,Other,1,98
Broadway Video,Other,1,98
ATG,Other,1,98
Virgin Schallplatten GmbH,Other,1,98
Circa Records,Other,1,98
StarTime International,Other,1,98
CGD,Other,1,98
Belsize Music Ltd.,Other,1,98
Tommy Boy Silver Label,Other,1,98
M.T.I.,Other,1,98
PAL Productions,Other,1,98
Alpha Records,Other,1,98
Cheeky Records,Other,1,98
Eclipse Music Group,Other,1,98
Anchor Records,Other,1,98
Rude Girl Records,Other,1,98
Fool’s Gold Records,Other,1,98
Ministry of Sound (Germany),Other,1,98
EEG Music,Other,1,98
Atlantis,Other,1,98
Poolside Records,Other,1,98
Jive Epic,Other,1,98
Virgin Records Canada,Other,1,98
K&S Records,Other,1,98
BarryGibb.com,Other,1,98
Logic Records (UK),Other,1,98
SwishaBlast Entertainment,Other,1,98
Skeleton Club,Other,1,98
EMI Music Greece,Other,1,98
Malaco Records,Other,1,98
CME Records,Other,1,98
NextSelection,Other,1,98
Jack Johnson LP3,Other,1,98
Brushfire Records,Universal,1,98
Martha’s Music,Other,1,98
Play Two,Other,1,98
Spontaneous Records,Other,1,98
Navarre,Other,1,98
Tommy Boy Music,Other,1,98
Family Productions,Other,1,98
Spoiled Rotten Entertainment,Other,1,98
Curb Denon Records,Other,1,98
Edel America Records,Other,1,98
Interscope Geffen A&M,Other,1,98
Fine Malt Lyrics,Other,1,98
Swishahouse,Other,1,98
Discontinued Records,Other,1,98
Alternative Edge Productions,Other,1,98
A Private Collection,Other,1,98
Redline Entertainment,Other,1,97
Serjical Strike Records,Universal,1,97
Desert Storm Recordings,Other,1,97
Co & Ce Records,Other,1,97
Time-Life Records,Other,1,97
Columbia Record Club,Other,1,97
Parrot Records,Universal,1,97
Del Records,Other,1,97
Sherman Records,Other,1,97
Heavy on It,Other,1,97
Dream On,Other,1,97
ABS-CBN Film Productions,Other,1,97
Kreisel 99,Other,1,97
High Coin,Other,1,97
Mad Love Records,Universal,1,97
Sony Music Catalog,Other,1,97
Jellybean Recordings,Other,1,97
Music Catalogue Cracker Barrel Old Country Store,Other,1,97
Farmhouse Recordings,Other,1,97
Divucsa,Other,1,97
Play On,Other,1,97
Garrett Records,Other,1,97
Cortés Entertainment,Other,1,97
Gaither Music Group,Other,1,97
Dik Hayd International,Other,1,97
Lilith Records,Other,1,97
Vingolf Recordings,Other,1,97
Sho’nuff Records,Other,1,97
Clouds Hill,Other,1,97
PolyGram Group Canada Inc.,Other,1,97
Carbon Music & Entertainment,Other,1,97
Centropolis Entertainment,Other,1,97
Nettwerk UK,Other,1,97
CMP Entertainment,Other,1,97
Universal Music Russia,Universal,1,97
Big Loud Rock,Other,1,97
Gold Standard Laboratories,Other,1,97
Live Archives,Other,1,97
See for Miles Records,Other,1,97
Card Exclusive,Other,1,97
Audio Arts,Other,1,97
East West Records Australia,Other,1,97
Anthem Legacy,Other,1,97
Alvorada,Other,1,97
Alcopop! Records,Other,1,97
Track Masters,Other,1,97
Bugsy Records,Other,1,97
Artemis Strategic,Other,1,97
Blue Gorilla,Other,1,97
Original Sound,Other,1,97
Black Cat,Other,1,97
JLM Entertainment,Other,1,97
Galactic Records,Universal,1,97
Junior,Other,1,97
Hoddle Records,Other,1,97
Dogg Foundation,Other,1,97
Counting Crows,Other,1,97
Doggy Style Records,Other,1,97
G-Funk Entertainment,Other,1,97
Chicago Records,Other,1,97
All Evergreen Records,Other,1,97
ISR P&D,Other,1,97
Chess International,Other,1,97
Gone Records,Other,1,97
Over Load,Other,1,97
DCC Jazz,Other,1,97
Ariola Benelux B.V.,Other,1,97
All Time Records,Other,1,97
Rhino Entertainment,Warner,1,97
Funki Dreds,Other,1,97
EMI Dance House,Other,1,97
Delta Music,Other,1,97
JDub Records,Sony,1,97
Bliss Corporation,Other,1,97
Blanco y Negro Music,Other,1,97
Checker,Other,1,97
Think Differently Music,Other,1,97
Roxbury Records,Other,1,97
10AKEE Music,Other,1,97
independently popular.,Other,1,97
OWSLA,Other,1,97
Croatia Records,Other,1,97
Ideal Promotion,Other,1,97
Chelsea Records,Other,1,97
BMG Ariola,Other,1,97
UK Records,Other,1,97
Rox Vox,Other,1,97
Zomba Music Publishers Ltd.,Other,1,97
Top Music International Ltd.,Other,1,97
ByTz Records,Other,1,97
Soulo Productions,Other,1,97
5 Star Entertainment,Other,1,97
Silos Music,Other,1,97
Pracownia Pocztówek Dźwiękowych R. Serafin,Other,1,97
Hey Kyle,Other,1,97
Sugar,Other,1,97
BlissCo. S.r.l.,Other,1,97
FIGURE 2 RC,Other,1,97
Craig,Other,1,97
LOYAUTÉ,Other,1,97
Little Idiot,Other,1,97
Bridge Nine Records,Other,1,97
Jamie,Other,1,97
Spirit Recordings,Other,1,97
A Perfect Circle Entertainment,Other,1,97
Icarus Music,Other,1,97
Cash Records,Other,1,97
Indie‐Pop,Other,1,97
Okayplayer Records,Other,1,97
Kpoint,Other,1,97
Monkeywrench Records,Other,1,97
MAM,Other,1,97
Educational Film Centre,Other,1,96
Constellation,Other,1,96
American Legends / IODA,Other,1,96
Robbins,Other,1,96
Documents,Other,2,96
Castle Communications Deutschland GmbH,Other,1,96
Capital Records,Other,1,96
Saga OPP,Other,1,96
Sundance Music,Other,1,96
Not Guilty,Other,1,96
Elap,Other,1,96
PRMD,Other,1,96
Dakar Records,Other,1,96
Abnak,Other,1,96
JAD,Other,1,96
NN’B,Other,1,96
The Entertainers,Other,1,96
Motor Jam Records,Other,1,96
#1EpicCheck LLC,Other,1,96
Cuca Records,Other,1,96
Dee Jay Jamboree,Other,1,96
Avalon Records,Other,1,96
Lightning Records,Other,1,96
BBC Radio 1,Other,1,96
EMI Music South Africa,Universal,1,96
Blow Up,Other,1,96
COMA Records,Other,1,96
Belting Bronco Records,Other,1,96
A&M PM,Other,1,96
Cédé International,Other,1,96
ATILA,Other,1,96
Mika Records,Other,1,96
Ace Records,Other,1,96
LWR,Other,1,96
Stateside,Other,2,96
Gregmark,Other,1,96
UTC Wired,Other,1,96
MCI,Sony,1,96
Vintertainment,Other,1,96
Tan Cressida,Other,1,96
Manifesto,Other,1,96
EP Entertainment,Other,1,96
Rebound,Other,1,96
Music Line Group,Other,1,96
Aftermath Records,Other,1,96
Parlophone France,Warner,1,96
Sweet City,Other,1,96
Asbury Records,Other,1,96
Art & Muzyka,Other,1,96
Norton Records,Other,1,96
Riviera,Other,1,96
Musicbank,Other,1,96
MCA Records Canada,Other,1,96
Interphon Records,Other,1,96
Total Smash,Other,1,96
Connoisseur Collection,Other,1,96
Dial,Other,1,96
Planet Records,Other,1,96
AIM,Other,1,96
Soulife Recordings,Other,1,96
Eel Pie,Other,1,96
Title Tunnes Records,Other,1,96
BBC Music,Other,1,96
Wrasse Records,Other,1,96
Odd Future Records,Sony,1,96
Adeline Records,Other,1,96
OFWGKTA,Other,1,96
Super Sonic,Other,1,96
Young Turks,Other,1,96
Young,Other,1,96
Mother Records,Other,1,96
Edsel,Other,1,96
Cinematic Music Group,Sony,1,96
Eardruma Records,Other,1,96
HurdFurst,Other,1,96
East Records,Other,1,96
Overseas Records,Other,1,96
Altanta International Records,Other,1,96
Golden Core,Other,1,96
Columbia Local,Other,1,96
EST 19XX,Other,1,96
Parrot,Other,2,96
Warner Music Sweden,Warner,1,96
Akarma,Other,1,96
Jonas Enterprises,Other,1,96
Rekords Rekords,Other,1,96
Embassy of Music,Other,1,96
Universal Digital Enterprises,Other,1,96
Venice In Peril Records,Other,1,96
Top Dawg Productions,Other,1,96
pgLang,Other,1,96
Private I Records,Other,1,96
Agent Blonde,Other,1,96
Dojo Limited,Other,1,96
Dojo Records,Other,1,96
Pussycat Dolls JV,Other,1,96
Queen Records,Other,1,96
Arts & Crafts México,Other,1,95
Day by Day Record,Other,1,95
SOURCE MUSIC,Other,1,95
Regime Music Group,Other,1,95
Leedon,Other,1,95
Warner Music Norway,Warner,1,95
Oasis,Other,1,95
"Secret 7""",Other,1,95
Ministry of Sound (Australia),Other,1,95
Perspective Records,Universal,1,95
BMG UK Limited,Other,1,95
M&R Records,Other,1,95
Nautilus Recordings,Other,1,95
Swan Records,Other,1,95
GS9 Music,Other,1,95
EMI Records,Warner,1,95
Time Records,Sony,1,95
Alston Records,Other,1,95
Cutting Records,Other,1,95
Safehouse Records,Universal,1,95
Communion Records,Other,1,95
Hotwire Unlimited,Other,1,95
RCS Quotidiani S.p.A.,Other,1,95
Mega,Other,1,95
Record Records,Other,1,95
Christopher Cross Records,Other,1,95
Contour,Other,1,95
Eleven: A Music Company,Warner,1,95
Violet Records,Other,1,95
ARS,Other,1,95
808 MAFIA,Other,1,95
PUSA Music,Other,1,95
Flipmode Entertainment,Other,1,95
HAIM Productions Inc.,Other,1,95
Fabor,Other,1,95
Delta Leisure Group,Other,1,95
Play 24-7,Other,1,95
Sony Music Nashville,Sony,2,95
BMG Berlin Musik GmbH,Other,1,95
Popllama,Other,1,95
Back Beat Records,Universal,1,95
Sony BMG Nashville,Other,1,95
Group Home,Other,1,95
Teamwrk Records,Other,1,95
Holy Hawk Record Co. Ltd.,Other,1,95
Tiny Evil,Other,1,95
Otto Records,Other,1,95
Modern Records,Other,1,95
ANS Records,Other,1,95
Hope Recordings,Other,1,95
Decision Records,Other,1,95
Hyperspace Records,Other,1,95
Dominion,Other,1,95
Crystal Beats,Other,1,95
EZMNY Records,Other,1,95
Sony Music Entertainment Australia Pty Ltd.,Other,1,95
Masterworks,Sony,1,95
Lácteo Cósmico,Other,1,95
Exotic Location Recordings,Other,1,95
Eyeball Records,Warner,1,95
Universal Music Hong Kong,Universal,1,95
AVM,Other,1,95
11:11 Media,Other,1,95
AS FAR AS I CAN SPIN RECORDS,Other,1,95
Half Rabbit,Other,1,95
Phil Phil Music,Other,1,95
Frontiers Records,Other,1,95
Independent Label Group,Other,1,95
Heiress Records,Other,1,95
Luv Luv Luv Records,Other,1,95
Фирма грамзаписи «Никитин»,Other,1,95
Sony Music Distribution,Sony,1,95
Charisma Records America,Other,1,95
CSI,Other,1,95
Cocomelos Records,Other,1,95
Dangerous Music,Other,1,95
Universal Music AB,Other,1,95
Spinefarm Records U.K.,Other,1,95
Snakefarm Records,Other,1,95
Groove Nation,Other,1,95
Brassland,Other,1,95
Jungle Youth Records,Other,1,94
Blu Kolla Dreams,Other,1,94
Brown Records,Other,1,94
Nyle,Other,1,94
GospoCentric,Other,1,94
Sea Gayle Records,Other,1,94
Aural Apothecary,Other,1,94
Apple Orchard Music,Other,1,94
Babel,Other,1,94
Loud Robot,Other,1,94
Apple Music,Other,1,94
New State Music,Other,1,94
Mr. Kanani,Other,1,94
Black Sleeves,Other,1,94
Polydor Records,Universal,1,94
We Run It Ent.,Other,1,94
Primary Wave,Universal,1,94
Mistletone,Other,1,94
Warlike,Other,1,94
Beyond Music,Sony,1,94
Kakao Entertainment,Other,1,94
BMG Sweden,Other,1,94
Edel Company,Other,1,94
Masterpiece,Other,1,94
The Boardwalk Entertainment Co,Other,1,94
Boogiefuturo,Other,1,94
Revealed Recordings,Other,1,94
Simitar Entertainment,Other,1,94
Afidno,Other,1,94
World Artists Records,Other,1,94
Money,Other,1,94
Castle Music,Other,1,94
Dogs on Acid,Other,1,94
Kent Records,Other,1,94
Trace Trading,Other,1,94
Fermata,Other,1,94
Interhit Records,Other,1,94
Bee Gees Catalog,Other,1,94
TeenAger Records,Other,1,94
SO Empire,Other,1,94
FAX Records,Other,1,94
Éditions Atlas,Other,1,94
Master Classics Records,Other,1,94
Nola Records,Other,1,94
Dunes Records,Other,1,94
F*** Me I'm Famous Records,Other,1,94
Aim Records,Other,1,94
Sabotage,Other,1,94
Symbol Records,Other,1,94
Suzy,Other,1,94
Jam in the Van,Other,1,94
Expansion,Other,1,94
Mobile Disco Records,Other,1,94
ZTT,Other,1,94
Famous Groove,Other,1,94
Forty8Fifty,Other,1,93
Classic Music International,Other,1,93
Yellow Label,Other,1,93
Fifth Amendment Entertainment,Other,1,93
eOne Music UK,Other,1,93
Nuclear Blast,Warner,1,93
Magnum Music Group,Other,1,93
Rajon Music Group,Other,1,93
Wildflower Records,Other,1,93
Felsted,Other,1,93
J.R. Productions,Other,1,93
Casino Total Records,Other,1,93
Amalgam Entertainment,Other,1,93
Rolling Stone,Other,1,93
Mogul Vision,Other,1,93
Electronic Sound,Other,1,93
Intersound,Other,1,93
Lazy Hooks LLC,Other,1,93
Warp,Other,1,93
Catchy Tunes,Other,1,93
One Media Publishing Ltd.,Other,1,93
Congress,Other,1,93
Mainstream Records,Other,1,93
Riva,Other,1,93
Digital Glamour Ent.,Other,1,93
Alternation,Other,1,93
Last Kings Records,Other,1,93
Mr. 305,Other,1,93
Blackstar Records,Other,1,93
Todd,Other,1,93
Betamorph Recordings,Other,1,93
Performance Records,Other,1,93
Hush,Other,1,93
Paramount Studios,Other,1,93
CTK Enterprises,Other,1,93
OKeh,Other,1,93
Dogghouse Records,Other,1,93
DJM Records,Other,1,93
Top Music IP,Other,1,93
Endurance Music Group,Other,1,93
Celluloid,Other,1,93
Movieplay Gold,Other,1,93
Future Classic,Other,1,93
DJ Snake Music LLC,Other,1,93
DJ Snake Music,Other,1,93
Badboy Hardcore,Other,1,93
Commission Records,Other,1,93
earMUSIC,Other,1,93
Brilliant,Other,1,93
Daz Dillinger Recordingz,Other,1,93
D.V. More Record,Other,1,93
Personality,Other,1,93
Five Seven Music,Other,1,93
FloEdCo,Other,1,93
C‐Note Records,Other,1,93
Nickelodeon,Other,1,93
Classic Sound,Other,1,93
Rip-It Records,Other,1,93
Lil’ Joe Records,Other,1,93
Hitstown,Other,1,93
MJJ Productions,Other,1,93
Blue Cat,Other,1,93
Rhino Custom Products,Other,1,93
Tower,Other,1,93
Hawk,Other,1,93
Kat Family,Other,1,93
Clairo Records,Other,1,93
Virgin Music Group,Universal,1,93
United Masters,Other,1,93
Earache Records,Other,1,93
Charly Films,Other,1,93
Juana,Other,1,93
Slam Music,Other,1,93
Form Records,Other,1,93
BnF Collection,Other,1,93
Groove Groove Melody,Other,1,93
Dixie Live,Other,1,93
Danya Records Ltd.,Other,1,93
Musketeer Records,Other,1,93
Wind‐Up Records LLC,Other,1,93
Loma Vista Recordings,Other,1,93
New CMG Records P&D,Other,1,93
20:21,Other,1,93
15 Passenger,Other,1,93
The Goldmind,Other,1,93
Sounds Good,Other,1,93
Abracadabra,Other,1,93
Up/Down Records,Other,1,93
Kolob Music,Other,1,93
Shell,Other,1,93
Kelsey Media,Other,1,93
E.V.L.A. Records Entertainment,Other,1,93
Booga Basement Records,Other,1,93
Action Replay Records,Other,1,93
Reaktor Recordings,Other,1,93
1-800-Harmony,Other,1,93
Priarity Records,Other,1,93
Trapsoul,Other,1,93
Eagle Rock,Other,1,93
Jimmy and Doug’s Farmclub.com,Other,1,93
Cr2 Records,Other,1,93
Catch & Release,Other,1,93
Altra Moda Music,Other,1,93
Rise Above Records,Other,1,93
Stoned Records,Other,1,93
Cisco Music,Other,1,92
AMT,Other,1,92
Antena Krzyku,Other,1,92
ADA Sound Ltd.,Other,1,92
Mustang Records,Other,1,92
EMI Music New Zealand,Other,1,92
MNRK Heavy,Other,1,92
Remember,Other,1,92
Opal Tapes,Other,1,92
Smash,Other,1,92
Murmur,Other,1,92
Relayer Music,Other,1,92
Home Grown Music,Other,1,92
Double Shot Records,Other,1,92
Ariola Hansa,Other,1,92
Vagrant Records,Other,1,92
HomeSchool Records,Other,1,92
Saguaro Road Records,Other,1,92
Radiculture Records,Other,1,92
Golden Stars,Other,1,92
ABM,Other,1,92
YJ Music,Other,1,92
Four Ways to Rock,Other,1,92
Rockmasters,Other,1,92
Unauthorized Entertainment,Other,1,92
IN SYNK,Other,1,92
Tornado Records,Other,1,92
GRT Records,Other,1,92
Pedernales Records,Other,1,92
UMe Digital,Other,1,92
University Records,Other,1,92
Radio Records,Other,1,92
Hidden Note Records,Other,1,92
100 Hits,Other,1,92
101 South Records,Other,1,92
Flawless Records,Other,1,92
Clouds,Other,1,92
Rhythm and Blues,Other,1,92
Cold Chillin’,Other,1,92
X-Ray,Other,1,92
BMG Arista Records Ltd.,Other,1,92
Hot Productions,Other,1,92
Spades Records,Other,1,92
A45 Music,Other,1,92
Songbook Productions,Other,1,92
Dash,Other,1,92
Chrissie Hynde,Other,1,92
American Greetings,Other,1,92
Chamillitary,Other,1,91
H.O.L.A. Recordings,Other,1,91
Next Plateau Records Inc.,Other,1,91
D58 Mixes,Other,1,91
Logic Records,Sony,1,91
Fiveman Army Rocks,Other,1,91
Addiction Records,Other,1,91
Wildstar Records,Other,1,91
Decca Classics,Universal,1,91
Colorize,Other,1,91
Balloon Records,Other,1,91
Field Trip Recordings,Universal,1,91
Hollywood,Other,1,91
CID,Other,1,91
T-Bones Records,Other,1,91
Drive‐Thru Records,Other,1,91
Silver Cloud,Other,1,91
Living Legend Records,Other,1,91
More is More,Other,1,91
8ft. Records,Other,1,91
Dunwich,Other,1,91
Sony CMG,Other,1,91
ImaVeePee Records,Other,1,91
CNR,Other,1,91
Bonnier Music,Other,1,91
Hypnotic Records,Other,1,91
Hux,Other,1,91
MPL Communications Ltd.,Other,1,91
Big Oomp Records,Other,1,91
Nomark,Other,1,91
Aquemini Records,Other,1,91
Beatwerk Records,Other,1,91
JVKE MUSIC LLC,Other,1,91
Liquid State,Other,1,91
Tiger Electronics,Other,1,91
Bellevue Entertainment,Other,1,91
21 Records,Other,1,91
Joyner Lucas,Other,1,91
Internet Money Records,Other,1,91
Fee Records,Other,1,91
Magnet,Other,1,91
Jupiter Records,Other,1,91
Lemon Recordings,Other,1,91
2DF.enterprises,Other,1,91
Feel Good Music,Other,1,91
Black Music,Other,1,91
Globus International,Other,1,91
Rust Records,Other,1,91
JB Production,Other,1,91
Piccadilly,Other,1,91
CMC,Other,1,91
K-Tel International (USA),Other,1,91
All We Got Ent.,Other,1,91
Dead Silence Records,Other,1,91
Sony Music Entertainment UK,Other,1,91
Brasileira Vintage Records,Other,1,91
Amy,Other,1,91
Guaranteed Records,Other,1,91
Mac’s Record Label,Other,1,91
Low Country Sound,Warner,1,91
Glorious Dead Recordings,Other,1,91
1501 Certified Entertainment,Other,1,90
Jigu Records,Other,1,90
TNT Recordings,Other,1,90
Creator Records under exclusive license to Universal Music Romania,Other,1,90
Hit-Ton Schallplatten,Other,1,90
Heliodor,Other,1,90
Ichiban,Other,3,90
Sanctuary Urban,Sony,1,90
UMG Recordings,Other,1,90
Grammy,Other,1,90
Belift Lab,Universal,1,90
GlassNote,Other,1,90
ABR Records,Other,1,90
Southbound,Other,1,90
AP Music Ltd.,Other,1,89
ERCA,Other,1,89
Fuel Records,Other,2,89
METAL FRONTIER,Other,1,89
MDP Records,Other,1,89
Brigand,Other,1,89
Stax Records,Other,1,89
311 Records,Other,1,89
Discos Home,Other,1,89
Gilla House,Other,1,89
Aniplex,Sony,1,89
Charger Records,Other,1,88
BMG Korea Co.,Other,1,88
Mercury Studios,Universal,1,88
Prospect Park,Other,1,88
NME Networks,Other,1,88
Capitol Records–EMI of Canada,Other,1,88
Analog Spark,Other,1,88
Aware Records LLC,Other,1,88
Hollace Inc.,Other,1,87
Long Island Music Company Ltd.,Other,1,87
Black Hill Pictures GmbH,Other,1,87
COE Records,Other,1,87
Soundwings,Other,1,87
IAMSOUND Records,Other,2,87
Sony Latin,Other,1,87
EMI Film & TV Music,Other,1,87
Spicebush Swallowtail Records,Other,1,87
Northworld Recordings,Other,1,86
Quiet Money Records,Other,1,86
Acme,Other,1,86
Alligator Records,Warner,1,86
Provident Label Group,Sony,3,86
DCD2,Other,2,86
ALES Music,Other,1,86
Mono Vs Stereo,Other,1,86
Helium-3,Other,1,86
Swervo,Other,1,86
Sony Music Entertainment Inc.,Other,1,85
avex trax,Other,1,85
Bella Figura Music Ltd.,Other,1,85
avex group,Other,1,85
American Beat Records,Other,2,85
UMG,Other,1,85
Dead Oceans,Other,2,85
The Forefront Communications Group,Other,1,85
TOY’S FACTORY,Other,1,85
Iconoclassic Records,Other,2,85
Silent Room Recordings,Other,1,85
Atlantic Oldies Series,Other,1,84
Trace,Other,1,84
Ipecac Recordings,Other,1,84
RT Industries,Other,1,84
Wand,Other,1,84
Liberation Music,Other,1,84
Headquarter Records,Other,1,84
Castanet Records,Other,1,84
Vaz Records,Other,1,84
In the Paint Records,Other,1,84
F-Stop Music,Warner,1,84
Astoria Records,Other,1,84
FonoVisa,Other,1,84
RCA Label Group,Sony,2,84
Background,Other,1,84
Original Signal Recordings,Other,1,83
T.K. Disco,Other,1,83
LivePhish.com,Other,1,83
Block Entertainment,Universal,1,83
Signature Sounds,Other,1,83
AWAL Recordings Ltd,Other,1,83
Green Streets Entertainment,Other,1,83
Bad Boy South,Other,1,83
Infamous Records,Other,1,83
Mosaic Music Distribution,Other,1,83
Advance Music,Other,1,83
Laufey,Other,1,83
Bandit.FM,Other,1,82
IRI,Other,1,82
Hearts & Stars Records,Other,1,82
DCC Recording,Other,1,82
Provident Label Group LLC,Other,1,82
Beechwood Music,Other,1,82
Music for Nations,Other,1,82
B & a Entertainment,Other,1,82
Selena Gomez PS,Other,1,81
Let Them Eat Vinyl,Other,1,81
Blackbird Presents,Other,1,81
Maybellene,Other,1,81
cutting edge,Other,1,81
Dig It International,Other,1,81
Rocketown Records,Other,1,81
Abner,Other,1,81
Nova,Other,1,81
Tachika Records,Other,1,81
Charly R&B,Other,1,81
Fullsteam Records,Other,1,81
Bullion Records,Other,1,81
Tha Alumni Music Group,Other,1,81
Tha Alumni,Other,1,81
Mountain Fighting Records,Other,1,81
Superclose,Other,1,80
Aerosmith P&D – Geffen,Other,1,80
90/9,Other,1,80
Various Production,Other,1,80
Floating World,Other,2,80
Moshi Moshi Records,Other,1,80
Cut & Run,Other,1,80
GO!LIVE,Other,1,80
Curtom,Other,1,80
Dogtoire Records,Other,1,80
Blizzard Music Ltd.,Other,1,80
Charly Groove,Other,1,80
Discos CBS International,Other,1,80
Acoustic Legends Records,Other,1,79
Legend Records Inc,Other,1,79
Hilltop Records,Other,1,79
Goldies 45,Other,1,79
Intertape,Other,1,79
DayDream Records,Other,1,79
Herbie Hancock Records,Other,1,79
Hancock Music,Other,1,79
sped up nightcore,Other,1,79
A.D.D. Records,Other,1,79
A Colourful Storm,Other,1,79
Companion,Other,1,79
Carinco Neue Medien GmbH,Other,1,79
King Records,Other,3,79
Blue Collar Records,Other,1,79
SPQR,Other,1,79
Next Plateau Records,Other,1,78
Trauma Records,Other,1,78
We the Best Music,Other,1,78
Great Dane Records,Other,1,78
Sidewinder Music,Other,1,78
RCA Special Products,Other,1,78
Mermaid Records,Sony,1,78
Artbeatz,Other,1,78
Big Legal Mess Records,Other,1,78
Garland,Warner,1,78
Aquarius,Other,1,78
American Tapes,Other,1,77
Altissimo! Recordings,Other,1,77
STMPD RCRDS,Other,1,77
Epic Amsterdam,Other,1,77
Freeworld,Other,1,77
Acrobat,Other,1,77
RCA Deutschland,Other,1,76
Oil Well,Other,1,76
Kapina Media,Other,1,76
Gracie Productions,Other,1,76
Kiss the Stone,Other,2,76
Blue Horizon,Warner,2,76
ERG,Other,1,76
PolyGram Discos Ltda.,Other,1,76
Soribada,Other,1,75
No Limit Forever,Other,1,75
Hanna-Barbera Records,Other,1,75
Rykodisc,Other,6,75
CLINCK RECORDS,Other,1,75
Brisa,Other,1,74
Christmas Gold,Other,1,74
Leader Music,Other,1,74
Bronx Born Records,Other,1,74
Classic Compact Discs,Other,1,74
Universal Music B.V.,Other,1,74
Frank Sinatra Digital Reprise,Other,1,74
Fever Records,Sony,1,74
Warwick,Other,1,74
Ghet-O-Vision,Other,1,74
Leftfield Media,Other,1,73
impulse!,Other,2,73
Monstercat,Other,1,73
Combat,Other,1,73
Flashback,Other,1,73
Verity Gospel Music Group,Other,1,72
Drakkar Productions,Other,1,72
K.P.A. Records,Other,1,72
Platinum,Other,1,72
Equity Distribution,Other,1,72
Seagull Records,Other,1,72
EarthPercent,Other,1,72
Warner Music Argentina,Warner,1,72
Blue Note Label Group,Other,1,72
EMI Greece,Other,1,71
Fallen Sparks,Other,1,71
RED GENERAL CATALOG,Other,1,71
Concert Live,Other,1,71
Horizon,Other,1,71
Hellcat Records,Warner,1,71
SAWGOD - Columbia,Other,1,71
BMG Strategic Marketing Group,Other,1,71
Companhia Brasileira De Discos Phonogram,Other,1,71
Comic Relief,Other,1,71
EMI Music Argentina,Universal,1,71
Ripete Records,Other,1,70
Union Records,Other,1,70
20‐20 Entertainment LLC,Other,1,70
The Swingin’ Pig Records,Other,1,70
Grand Royal,Other,1,70
Biv 10 Records,Universal,1,69
Rinse,Other,1,69
Concord Bicycle Assets,Other,1,69
Found Frequencies,Other,1,69
MSM Music Group,Other,1,69
Mena Music,Other,1,69
Chop Shop Records,Warner,1,68
Rainbow,Other,1,68
DG Records,Other,1,68
Universe,Other,1,68
Vereinigte Motor‐Verlage GmbH & Co. KG,Other,1,68
Rainy Wednesday,Other,1,68
BMG Rights Management (UK) Ltd.,Other,1,68
Volcano Entertainment III,Other,1,68
Everloving Records,Other,1,67
Superfecta Recordings,Other,1,67
Curb | Word,Other,1,67
Enjoy Records,Other,1,67
Universal Music Australia,Universal,1,67
Blackened Recordings Inc.,Other,1,66
Arcade,Other,2,66
Фоно,Other,1,66
JVC Mastering Center,Other,1,66
Stage Three Music Ltd.,Other,1,66
Miracle,Other,1,66
Harmony Records,Other,1,66
Renaissance Records,Other,1,66
Laugh A Minute Records Ltd,Other,1,66
1320 Records,Other,1,65
Myrrh,Other,1,65
#23INCREDIBLEINDUSTRIES,Other,1,65
WEB Entertainment,Other,1,65
Riverhorse Records,Other,1,64
Live Icons,Other,1,64
LMR Street,Other,1,64
Premium Latin Music,Other,1,64
Bluesway,Other,1,63
Baktabak,Other,1,63
Funkytowngrooves USA,Other,1,63
CBS Fox Video Music,Other,1,63
EMI Plus,Other,1,63
BMG Music International,Other,1,63
Jet Life Recordings,Warner,1,62
Westwood One,Other,1,62
Crocodile Beat,Other,1,62
DD172,Other,1,62
tearbridge international,Other,1,62
Anaconda Productions,Other,1,62
FNC Entertainment,Warner,1,62
Ambush Records,Other,1,62
Agencja Artystyczna MTJ,Other,1,62
Curtom Records,Other,1,61
Laser Media,Other,1,61
LTC,Other,1,61
BMG Denmark,Other,1,61
Award-77,Other,1,61
Fervent Records,Other,1,61
Blueprint (9),Other,1,60
Tempo Music Investments,Other,2,60
Sugar Hill Records,Other,3,60
Horizon Records,Other,1,60
Inot Records,Other,1,60
Ambassade Records,Other,1,59
Mercury Japan,Other,1,59
Boiler Room,Other,1,59
Traffic Records,Other,1,59
Alive Naturalsound Records,Other,1,59
Almost Country Records,Other,1,59
CBS Sugar,Other,1,59
Maybach Music Group LLC,Other,1,59
Aphilliates,Other,1,59
LeFrak-Moelis Records,Other,1,58
Rat Pack Records,Other,1,58
Sleazy Records,Other,1,58
Arriba!,Other,1,58
Sumerian Records,Other,3,58
Universal Music Strategic Marketing,Universal,1,57
Klondyke Records,Other,1,57
300 Entertainment LLC,Other,1,57
Wax Poetics Japan,Other,1,57
Kingsway Music,Other,1,57
E’G,Other,1,57
Smirnoff,Other,1,57
Gold Legion,Other,1,56
Audiofon,Other,1,56
Refugee Camp Entertainment,Other,1,56
13,Other,1,56
Blue Elephant,Other,1,56
Ten Point Productions,Other,1,56
IronBird Records,Other,1,56
Kicks,Other,1,56
Teal Records,Other,1,56
Brentwood Music,Other,1,55
Essential Recordings,Other,1,55
Metro Recordings,Other,1,55
Dental Records,Other,1,55
Streetwise,Other,1,55
Viper Recordings,Other,1,55
Octave Lab.,Other,1,55
Charisma Catalogue,Other,1,54
Universal Music Domestic Division,Universal,1,54
mau5trap,Other,1,54
Fortunate Son,Other,1,54
Bucks Music Group Ltd.,Other,1,54
Ric-Tic Records,Other,1,53
Sutra Records,Other,1,53
Asthmatic Kitty Records,Other,1,53
ADA France,Warner,1,53
1505 Records,Other,1,52
Allido Records,Other,2,52
Megaphonic Records,Other,1,52
Seeker Music,Other,1,51
Amadeo,Other,1,51
4th & B’way,Other,1,51
Jigu Records Corporation,Other,1,50
Dischi Ricordi S.p.A.,Other,1,50
Worldwide Records,Other,1,50
Uni/Motown,Other,1,50
Attic Records Limited,Other,1,50
Jimco Records,Other,1,49
DTIFC,Other,1,49
Hypnotize Minds,Sony,1,49
Public Demand,Other,1,49
Minit,Other,1,49
CP Records,Other,1,48
Marble Arch,Other,1,48
Cameos,Other,1,48
Aramis,Other,1,48
Probe,Other,1,48
LINAM,Other,1,48
House Records,Other,1,48
Lady Pilot,Other,1,47
EMI Christian Music Group,Other,1,47
Steamhammer,Other,2,47
Secretly Canadian,Other,3,47
Crystal,Other,1,47
Big Pink,Other,3,47
Robinsongs,Other,3,46
Raven Records,Other,1,46
Mascot Records,Other,1,45
Wiggy Thump Records,Other,1,45
Angel Records,Universal,1,45
ColliPark Music,Other,1,45
The Grapevine Label,Other,2,45
Emidisc,Other,2,45
InVogue Records,Warner,1,45
Stang Records,Other,1,44
Dope,Other,1,44
Zip City,Other,1,44
Jen sheng,Other,1,44
Jones Music,Other,1,44
Time Music International Limited,Other,1,43
Green Ray,Other,1,43
Kidz Bop,Other,1,43
edel,Other,1,43
M.A.O. Records,Other,1,43
SoNo Recording Group,Other,1,43
Gravadora Eldorado,Other,1,43
Greensleeves Records,Other,1,42
Fiction Records,Universal,1,42
High Top Mountain Records,Other,1,42
DSP,Other,1,42
Ariola Power World,Other,1,42
Sand Hill Records,Other,1,42
Loose Music,Other,1,42
Sony Legacy,Other,3,42
Provident Distribution,Other,1,42
Hostile Records,Other,1,42
11-7 Recording Corp,Other,1,42
4worlds Media,Other,1,41
At Night,Other,1,41
Atom Empire,Other,1,41
Daft Life Limited,Other,1,40
Playground Music Scandinavia,Other,1,40
Camouflage Recordings DnB,Other,1,40
Deep Soul Entertainment,Other,1,39
Memory Lane,Other,1,39
Crest,Other,1,39
Axis of Influence [Very Good Beats],Other,1,39
Gateway Music,Other,1,38
Cooking Vinyl Australia,Other,1,38
Bigmouth JPN,Other,1,38
Westside,Other,1,38
Tin Pan Apple,Other,1,38
Areito,Other,1,38
Spirit Music Group,Other,1,38
BBR Music Group,Other,2,37
1400 Entertainment,Other,1,37
JES MusiQ Productions Entertainment,Other,1,37
BIG Label Records,Other,1,37
Double-L,Other,1,37
Boston Place Music,Other,1,36
R & J Records,Other,1,34
Treat Baker Music Inc.,Other,1,33
Big Music,Other,1,33
HPI Records,Other,1,33
Mobo Records,Other,1,33
Carnival Records,Other,1,33
Aware,Other,1,33
Kent Soul,Other,1,33
Sound for Industry,Other,1,33
PTG Records,Other,2,33
Imperial Records International,Other,1,32
Laufer Entertainment Group,Other,1,32
Magyar Hanglemezgyártó Vállalat,Other,1,32
Splasc(H) Records,Other,1,32
The Brothers Organisation,Other,1,32
BroTown Records,Other,1,32
W & G,Other,1,32
Tha Row Records,Other,1,32
Oh Boy Records,Other,1,31
Sunset Blvd Records,Other,1,31
Relapse Records,Warner,1,31
Lost Kids,Other,1,30
Rhino Records,Warner,1,30
RLG/Legacy,Other,1,30
High Definition Surround,Other,1,30
Playing for Change Records,Other,1,30
Fly,Other,1,29
Phono,Other,1,29
Ace of Clubs,Other,1,29
An Naer produksion,Other,1,29
Alliance Records,Other,1,29
Happy Music,Other,1,29
Gold Mind,Other,1,29
Baur Music Production,Other,2,29
Radioactive Records,Universal,1,28
SUPER BIRD,Other,1,28
Verve Label Group,Universal,1,28
Lionel Records,Other,1,28
Rhino Entertainment LLC,Other,1,28
Ardent Records,Other,1,27
Hear No Evil Recordings Ltd,Other,1,27
Dreamworks,Other,1,27
ColliPark Records,Other,1,27
RMM Records,Other,1,27
4th Column,Other,1,26
Locomotion Recordings,Other,1,26
Breeze Music,Other,1,26
Attack 9,Other,1,25
London Records (Because Ltd),Other,1,25
Fargo Records,Other,1,25
Audiophile Sound,Other,1,25
Brave Art Records,Other,1,24
TRIPLE VISION entertainment,Other,1,23
Fox Records,Other,1,23
Slash,Other,1,23
Hib-Tone Records,Other,1,23
Art Club,Other,1,22
Thirty Tigers,Other,4,22
TVT Soundtrax,Other,1,22
Blue Rose Records,Other,1,22
Sony Jazz,Other,1,22
Smokin’,Other,1,21
335 Records,Other,1,21
Anagram Records,Other,1,21
PILZ,Other,2,20
Coalition Music Records,Other,1,20
HTK Records,Other,1,20
Hassle Records,Other,1,20
Zero Corporation,Other,1,19
Triad Records,Other,1,19
RuffTown Records,Other,1,19
206 Records,Other,1,18
Drup,Other,1,17
Ghettoblaster,Other,1,17
Universal Music México,Other,1,17
Blue Moon,Other,2,16
SM Entertainment,Warner,1,15
BMG Music Spain,Other,2,15
Peach Records,Other,1,15
BBS Records,Other,1,15
Blooming Jazz Records,Other,1,15
Octave,Other,1,15
Badman Recording Co.,Other,1,14
Music Mill Entertainment,Other,1,14
AVROTROS,Other,1,14
AUGUSTA RECORDS,Other,1,14
Aderra,Other,1,14
FUBU Records,Other,1,14
FB Entertainment,Other,1,14
Island Remasters,Other,1,13
Pointblank Records,Other,1,13
Polar Music International AB,Other,2,13
Abbey Road Interactive,Other,1,13
Team Love,Other,1,13
Loves Way,Other,1,13
Axe Killer,Other,1,11
Music of the World,Other,1,11
Black Lion,Other,1,10
Daylight,Other,1,10
Da Band Music,Other,1,10
Alternative Distribution Alliance,Other,1,10
Tri-Phi Records,Other,1,10
Alola,Other,1,10
Westbound Records,Other,1,10
Fame,Other,3,10
Milton Bradley,Other,1,10
Serchlite Music,Other,1,10
Smith Music Group,Other,1,10
Ill Will Records,Other,1,9
Santa Anna,Other,1,9
Effective Records,Other,1,9
Just Entertainment,Other,1,9
Lil Boosie Music,Other,1,9
Fact Magazine,Other,1,9
North-North Records,Other,1,8
Dope on Plastic Records,Other,1,7
Verve Records,Universal,1,7
BNA Entertainment,Other,1,6
RCA Italiana,Other,1,6
Belle Antique,Other,1,5
Antelope Records,Other,1,5
Limited Edition,Other,1,5
Admit One Records,Other,1,5
Wolf Tone,Other,1,5
600 Ent.,Other,1,4
It Goes Up Entertainment,Other,1,4
Nappy Boy Entertainment,Sony,1,4
Fnac Music,Other,2,4
War Dog,Other,1,4
Fierce Panda Records,Other,1,4
Architecture,Other,1,4
FAME,Other,1,3
BMG Music,Other,1,3
Gum Prod,Other,1,3
RockBeat Records,Other,1,2
Back Lot Music,Universal,1,2
Monogram,Other,1,2
Motor Music,Other,1,2
Show Dog Nashville,Other,1,2
Rhino Handmade,Other,1,2
V.I.P.,Other,2,1
Federal,Other,1,1
Duck Record,Other,1,0
Play It Again Sam,Other,1,0
Icewater Division,Other,1,-1
Big Boy Records,Other,1,-2
Universal Music Taiwan,Universal,1,-2
Burning Heart Records,Other,1,-3
Banner,Other,1,-4
100% Silk,Other,1,-4
99 Records,Other,1,-4
429 Records,Other,1,-4
Music Tape,Other,1,-4
702 Records,Other,1,-4
Rainman,Other,1,-5
BMG Direct Ltd.,Other,1,-5
Time Bomb Recordings,Other,1,-5
Emo's Not Dead,Other,1,-6
Firm Music,Other,1,-6
GRP,Other,2,-7
B‐Unique Records,Other,1,-7
Lightning Rod,Other,1,-8
Midi,Other,1,-8
Heavenly Recordings,Other,1,-8
It Goes Up,Other,1,-9
SoSouth,Other,2,-10
Black Barn Music,Other,2,-10
Eagle Vision,Other,1,-10
CRF Inc.,Other,2,-10
Columbia Music Video,Other,1,-11
CP Digital,Other,1,-11
MPO,Other,1,-12
Madeira Music,Other,1,-12
Artists Den Records,Other,1,-12
Burningharp Music,Other,1,-12
Chillum Records,Other,1,-15
Contemporary Jazz Masters,Other,1,-16
VI Music,Universal,2,-17
No Name Recordings,Other,1,-21
Rising Tide,Other,1,-21
Pastel Music,Other,1,-22
Janus Records,Other,2,-22
Lenono Music,Other,1,-23
MTV Unplugged,Other,1,-23
Prophet Entertainment,Other,1,-25
Straight Records,Other,1,-26
Aspire Higher,Other,1,-26
RedZone Entertainment,Other,1,-26
Jealous Butcher Records,Other,1,-27
Kill Rock Stars,Other,1,-27
Word Entertainment,Warner,1,-27
Lightning Rod Records,Other,1,-30
April Orchestra,Other,1,-30
CLS Music,Other,1,-32
Papa’s‐June Music,Other,1,-32
Dollaz N Dealz,Other,1,-33
Provident Entertainment,Other,1,-34
Worldwide Music,Other,1,-35
Backfire Рroductions,Other,1,-37
SMCMG,Other,1,-37
Aurora Borealis,Other,1,-37
Purple Gold Archives,Other,1,-37
Deadbeats,Other,1,-38
Fat Beats Records,Other,1,-38
Plyzen,Other,1,-38
Beverly Glen Music,Other,1,-38
ECM Records,Sony,1,-40
Flower Records,Other,1,-42
Virgin Records,Warner,1,-43
Grapefruit,Other,1,-44
Fastlife,Other,1,-45
Hut Recordings,Other,1,-45
Fast Life Music,Other,1,-45
Get Low Digital,Other,1,-45
EMI Music Publishing Korea,Other,1,-45
Cosmopolitan,Other,1,-45
GTN,Other,1,-46
CMC International Records,Other,2,-50
USM JAPAN,Other,1,-50
Major Hits Records,Other,1,-51
P.C.P.E,Other,1,-51
Soul Train,Other,1,-52
Alberts,Other,1,-53
Motor,Other,1,-54
Cohesion,Other,1,-56
Noiselab Records,Other,1,-57
3qtr,Other,1,-59
Saddle Creek Records,Warner,1,-60
Bad News Records,Other,1,-60
BBC Transcription Services,Other,1,-61
Group Therapy,Other,1,-62
Echo,Other,1,-63
Liula Records,Other,1,-63
Virgin Records Nashville,Other,1,-63
Deluxe Records,Other,1,-63
Anaconda,Other,1,-64
Estudios MultiTrack,Other,1,-64
All Star Production,Other,1,-64
4º Azul,Other,1,-64
Atonal Microtonal,Other,1,-66
EMI Records Australia,Other,1,-66
Second Disc Records,Other,1,-68
Angel Air,Other,1,-68
ARC,Other,1,-71
Big Cat Records,Other,1,-71
Bizarre,Other,1,-72
Barking Pumpkin Records,Other,1,-72
ABC Music,Other,1,-73
737 Productions,Other,1,-73
Nitro Records,Other,1,-73
Redfield Records,Other,1,-74
Abril Music,Other,1,-74
Trippy Music,Other,1,-75
Big Rig,Other,1,-75
Project Records,Other,1,-75
White Room Music,Other,1,-75
DMRemix,Other,1,-76
Magma,Other,1,-76
Velocity Records,Other,1,-77
[PIAS] UK,Other,1,-78
Doral Records,Other,1,-78
Sunflower Records,Other,1,-79
Speakers Corner,Other,1,-79
Arteton,Other,1,-79
Ramseur Records,Other,1,-81
IWILLENDYOUINC,Other,1,-82
Artificial Eye,Other,1,-85
UTV Records,Other,1,-85
Central Park Records,Other,1,-86
Indie Records,Other,1,-86
Zapple Records,Other,1,-90
Bull’s‐Eye,Other,1,-90
Gresham Records,Other,1,-91
Rhino Movie Music,Other,1,-91
Wise Buy,Other,1,-92
Enjoy the Ride Records,Other,1,-92
Enigma Retro,Other,1,-92
United,Other,1,-92
Art Is Hard Records,Other,1,-93
Reader’s Digest,Other,1,-93
Carpark Records,Warner,1,-94
Pro-Arte Records,Other,1,-96
RBC Records,Other,1,-96
Inevitable Entertainment,Other,1,-99
Luaka Bop,Other,1,-105
Castle Legends,Other,2,-113
Blue Eye Records,Other,1,-132
PGP-RTB,Other,3,-143
Chimera Music,Other,2,-196
